Epoch,Training Loss,Training Accuracy,Validation Loss,Validation Accuracy
1,5.08483453861718,2.686202686202686,4.268162653996394,4.88997555012225
2,4.158507377198599,5.006105006105006,3.957664599785438,7.45721271393643
