Epoch,Training Loss,Validation Loss,Validation Accuracy
1,4.486299172188472,4.468866348266602,3.056234718826406
